split,relative_path,label_path,observation_id,photo_id,confidence,box_count,source_url,mode
train,train/images/obs854f56ac-edb3-42e6-ae20-1f1cbba6c42d_photo390763359_000806.jpg,train/labels/obs854f56ac-edb3-42e6-ae20-1f1cbba6c42d_photo390763359_000806.txt,854f56ac-edb3-42e6-ae20-1f1cbba6c42d,390763359,0.4426,1,https://static.inaturalist.org/photos/390763359/large.jpg,bbox
train,train/images/obs6b3938af-90c9-4059-8be0-d4d377b5fd5e_photo633980414_000140.jpg,train/labels/obs6b3938af-90c9-4059-8be0-d4d377b5fd5e_photo633980414_000140.txt,6b3938af-90c9-4059-8be0-d4d377b5fd5e,633980414,0.7005,6,https://inaturalist-open-data.s3.amazonaws.com/photos/633980414/large.jpg,bbox
train,train/images/obs3e5afcd4-20e0-4243-9d95-fe6f1adefb29_photo382174678_000826.jpg,train/labels/obs3e5afcd4-20e0-4243-9d95-fe6f1adefb29_photo382174678_000826.txt,3e5afcd4-20e0-4243-9d95-fe6f1adefb29,382174678,0.4931,5,https://inaturalist-open-data.s3.amazonaws.com/photos/382174678/large.jpg,bbox
train,train/images/obs0819c210-5b97-4880-9431-92e1534afa25_photo658414286_000003.jpg,train/labels/obs0819c210-5b97-4880-9431-92e1534afa25_photo658414286_000003.txt,0819c210-5b97-4880-9431-92e1534afa25,658414286,0.9056,8,https://inaturalist-open-data.s3.amazonaws.com/photos/658414286/large.jpg,bbox
train,train/images/obsf2b6791f-f427-4ce8-ad8e-9bdab475ceea_photo606190948_000223.jpg,train/labels/obsf2b6791f-f427-4ce8-ad8e-9bdab475ceea_photo606190948_000223.txt,f2b6791f-f427-4ce8-ad8e-9bdab475ceea,606190948,0.6371,3,https://inaturalist-open-data.s3.amazonaws.com/photos/606190948/large.jpg,bbox
train,train/images/obs881046ac-8d79-4354-8d38-81cddce1a8f4_photo372954380_000856.jpg,train/labels/obs881046ac-8d79-4354-8d38-81cddce1a8f4_photo372954380_000856.txt,881046ac-8d79-4354-8d38-81cddce1a8f4,372954380,0.3453,1,https://inaturalist-open-data.s3.amazonaws.com/photos/372954380/large.jpg,bbox
train,train/images/obs15ee8b55-de9f-4d65-b2b3-851ac94be2b7_photo495075206_000483.jpg,train/labels/obs15ee8b55-de9f-4d65-b2b3-851ac94be2b7_photo495075206_000483.txt,15ee8b55-de9f-4d65-b2b3-851ac94be2b7,495075206,0.6609,5,https://static.inaturalist.org/photos/495075206/large.jpeg,bbox
train,train/images/obsa1c69c1c-ae71-440d-a973-d79c1bf3a32d_photo469513435_000645.jpg,train/labels/obsa1c69c1c-ae71-440d-a973-d79c1bf3a32d_photo469513435_000645.txt,a1c69c1c-ae71-440d-a973-d79c1bf3a32d,469513435,0.4119,1,https://inaturalist-open-data.s3.amazonaws.com/photos/469513435/large.jpg,bbox
train,train/images/obsc7be64e2-862f-408d-8d5c-be87bba11187_photo599205814_000253.jpg,train/labels/obsc7be64e2-862f-408d-8d5c-be87bba11187_photo599205814_000253.txt,c7be64e2-862f-408d-8d5c-be87bba11187,599205814,0.3126,1,https://inaturalist-open-data.s3.amazonaws.com/photos/599205814/large.jpg,bbox
train,train/images/obsc794683f-a7b6-41f5-a365-5bfc34d067f0_photo439265478_000744.jpg,train/labels/obsc794683f-a7b6-41f5-a365-5bfc34d067f0_photo439265478_000744.txt,c794683f-a7b6-41f5-a365-5bfc34d067f0,439265478,0.4975,1,https://inaturalist-open-data.s3.amazonaws.com/photos/439265478/large.jpeg,bbox
train,train/images/obsd753058c-13de-42d5-b773-10e2d9c599a0_photo525021763_000409.jpg,train/labels/obsd753058c-13de-42d5-b773-10e2d9c599a0_photo525021763_000409.txt,d753058c-13de-42d5-b773-10e2d9c599a0,525021763,0.9175,2,https://inaturalist-open-data.s3.amazonaws.com/photos/525021763/large.jpg,bbox
train,train/images/obs65d80917-7b03-4f45-9624-2d98d2651bcb_photo395323711_000790.jpg,train/labels/obs65d80917-7b03-4f45-9624-2d98d2651bcb_photo395323711_000790.txt,65d80917-7b03-4f45-9624-2d98d2651bcb,395323711,0.8051,1,https://static.inaturalist.org/photos/395323711/large.jpeg,bbox
train,train/images/obs42d7ffa0-b403-4de7-9a1e-a52c62c3202f_photo492330743_000519.jpg,train/labels/obs42d7ffa0-b403-4de7-9a1e-a52c62c3202f_photo492330743_000519.txt,42d7ffa0-b403-4de7-9a1e-a52c62c3202f,492330743,0.8536,3,https://inaturalist-open-data.s3.amazonaws.com/photos/492330743/large.jpg,bbox
train,train/images/obs42d7ffa0-b403-4de7-9a1e-a52c62c3202f_photo492374365_000522.jpg,train/labels/obs42d7ffa0-b403-4de7-9a1e-a52c62c3202f_photo492374365_000522.txt,42d7ffa0-b403-4de7-9a1e-a52c62c3202f,492374365,0.4294,3,https://inaturalist-open-data.s3.amazonaws.com/photos/492374365/large.jpg,bbox
train,train/images/obsf54aa110-d064-47c7-8ed0-1cb60822bd31_photo494388523_000494.jpg,train/labels/obsf54aa110-d064-47c7-8ed0-1cb60822bd31_photo494388523_000494.txt,f54aa110-d064-47c7-8ed0-1cb60822bd31,494388523,0.2780,2,https://inaturalist-open-data.s3.amazonaws.com/photos/494388523/large.jpeg,bbox
train,train/images/obs99344095-e978-450c-a751-5298c4a7806a_photo478637218_000624.jpg,train/labels/obs99344095-e978-450c-a751-5298c4a7806a_photo478637218_000624.txt,99344095-e978-450c-a751-5298c4a7806a,478637218,0.3485,1,https://static.inaturalist.org/photos/478637218/large.jpeg,bbox
train,train/images/obsaf80976e-e810-4aca-868d-d942b1f5f329_photo341630172_000918.jpg,train/labels/obsaf80976e-e810-4aca-868d-d942b1f5f329_photo341630172_000918.txt,af80976e-e810-4aca-868d-d942b1f5f329,341630172,0.3182,2,https://inaturalist-open-data.s3.amazonaws.com/photos/341630172/large.jpeg,bbox
train,train/images/obs290f0767-742d-4886-a07d-ce94bd2fc68f_photo589893081_000300.jpg,train/labels/obs290f0767-742d-4886-a07d-ce94bd2fc68f_photo589893081_000300.txt,290f0767-742d-4886-a07d-ce94bd2fc68f,589893081,0.7672,4,https://static.inaturalist.org/photos/589893081/large.jpg,bbox
train,train/images/obs7a1cef61-6f9e-46f5-9261-cff9c1264c5a_photo646054528_000074.jpg,train/labels/obs7a1cef61-6f9e-46f5-9261-cff9c1264c5a_photo646054528_000074.txt,7a1cef61-6f9e-46f5-9261-cff9c1264c5a,646054528,0.5829,3,https://inaturalist-open-data.s3.amazonaws.com/photos/646054528/large.jpg,bbox
train,train/images/obsf2b6791f-f427-4ce8-ad8e-9bdab475ceea_photo606190934_000222.jpg,train/labels/obsf2b6791f-f427-4ce8-ad8e-9bdab475ceea_photo606190934_000222.txt,f2b6791f-f427-4ce8-ad8e-9bdab475ceea,606190934,0.9254,1,https://inaturalist-open-data.s3.amazonaws.com/photos/606190934/large.jpg,bbox
train,train/images/obs1a430d30-c274-47fe-9e26-5a9cd4884992_photo643969589_000090.jpg,train/labels/obs1a430d30-c274-47fe-9e26-5a9cd4884992_photo643969589_000090.txt,1a430d30-c274-47fe-9e26-5a9cd4884992,643969589,0.4509,4,https://inaturalist-open-data.s3.amazonaws.com/photos/643969589/large.jpg,bbox
train,train/images/obs4210c131-c3af-4fc6-ae9b-0cf0126824e7_photo283644246_000978.jpg,train/labels/obs4210c131-c3af-4fc6-ae9b-0cf0126824e7_photo283644246_000978.txt,4210c131-c3af-4fc6-ae9b-0cf0126824e7,283644246,0.7912,5,https://static.inaturalist.org/photos/283644246/large.jpeg,bbox
train,train/images/obs222336d7-53a2-4b33-9e9e-d91e6af13c52_photo393502246_000802.jpg,train/labels/obs222336d7-53a2-4b33-9e9e-d91e6af13c52_photo393502246_000802.txt,222336d7-53a2-4b33-9e9e-d91e6af13c52,393502246,0.8216,1,https://static.inaturalist.org/photos/393502246/large.jpg,bbox
train,train/images/obs1ef9a386-2bbc-46a3-8142-5dda93aaa6e5_photo636023997_000131.jpg,train/labels/obs1ef9a386-2bbc-46a3-8142-5dda93aaa6e5_photo636023997_000131.txt,1ef9a386-2bbc-46a3-8142-5dda93aaa6e5,636023997,0.8052,6,https://inaturalist-open-data.s3.amazonaws.com/photos/636023997/large.jpg,bbox
train,train/images/obs0f9c7cc7-4f05-48ff-967d-5179ea45038f_photo282649264_000979.jpg,train/labels/obs0f9c7cc7-4f05-48ff-967d-5179ea45038f_photo282649264_000979.txt,0f9c7cc7-4f05-48ff-967d-5179ea45038f,282649264,0.4628,5,https://inaturalist-open-data.s3.amazonaws.com/photos/282649264/large.jpeg,bbox
train,train/images/obs078ae76d-e828-439c-8b2b-bbc1f98223bf_photo636660020_000122.jpg,train/labels/obs078ae76d-e828-439c-8b2b-bbc1f98223bf_photo636660020_000122.txt,078ae76d-e828-439c-8b2b-bbc1f98223bf,636660020,0.4469,3,https://static.inaturalist.org/photos/636660020/large.jpg,bbox
train,train/images/obs0558e30a-ba84-4a7a-ae88-638747a85ff7_photo486275445_000550.jpg,train/labels/obs0558e30a-ba84-4a7a-ae88-638747a85ff7_photo486275445_000550.txt,0558e30a-ba84-4a7a-ae88-638747a85ff7,486275445,0.4231,1,https://static.inaturalist.org/photos/486275445/large.jpg,bbox
train,train/images/obs0092a998-bfa9-4b0c-83df-74de6f789827_photo522844440_000425.jpg,train/labels/obs0092a998-bfa9-4b0c-83df-74de6f789827_photo522844440_000425.txt,0092a998-bfa9-4b0c-83df-74de6f789827,522844440,0.8361,19,https://inaturalist-open-data.s3.amazonaws.com/photos/522844440/large.jpg,bbox
train,train/images/obs1ef9a386-2bbc-46a3-8142-5dda93aaa6e5_photo636023994_000132.jpg,train/labels/obs1ef9a386-2bbc-46a3-8142-5dda93aaa6e5_photo636023994_000132.txt,1ef9a386-2bbc-46a3-8142-5dda93aaa6e5,636023994,0.7653,7,https://inaturalist-open-data.s3.amazonaws.com/photos/636023994/large.jpg,bbox
train,train/images/obsaf80976e-e810-4aca-868d-d942b1f5f329_photo341631286_000923.jpg,train/labels/obsaf80976e-e810-4aca-868d-d942b1f5f329_photo341631286_000923.txt,af80976e-e810-4aca-868d-d942b1f5f329,341631286,0.5720,46,https://inaturalist-open-data.s3.amazonaws.com/photos/341631286/large.jpeg,bbox
train,train/images/obsa7094be5-dd00-4f5b-9834-efc248ac9d1e_photo285099919_000975.jpg,train/labels/obsa7094be5-dd00-4f5b-9834-efc248ac9d1e_photo285099919_000975.txt,a7094be5-dd00-4f5b-9834-efc248ac9d1e,285099919,0.7529,9,https://inaturalist-open-data.s3.amazonaws.com/photos/285099919/large.jpeg,bbox
train,train/images/obs5477e4d7-1a5e-4696-945f-9091ceb079b6_photo654539419_000019.jpg,train/labels/obs5477e4d7-1a5e-4696-945f-9091ceb079b6_photo654539419_000019.txt,5477e4d7-1a5e-4696-945f-9091ceb079b6,654539419,0.2862,1,https://inaturalist-open-data.s3.amazonaws.com/photos/654539419/large.jpg,bbox
train,train/images/obs424e4e25-6d9e-4acd-b763-7dd06088574e_photo615393712_000187.jpg,train/labels/obs424e4e25-6d9e-4acd-b763-7dd06088574e_photo615393712_000187.txt,424e4e25-6d9e-4acd-b763-7dd06088574e,615393712,0.8588,1,https://inaturalist-open-data.s3.amazonaws.com/photos/615393712/large.jpg,bbox
train,train/images/obs7eb781f1-57fc-4d13-a176-04e1bd6ee42a_photo604165389_000233.jpg,train/labels/obs7eb781f1-57fc-4d13-a176-04e1bd6ee42a_photo604165389_000233.txt,7eb781f1-57fc-4d13-a176-04e1bd6ee42a,604165389,0.7897,3,https://inaturalist-open-data.s3.amazonaws.com/photos/604165389/large.jpg,bbox
train,train/images/obsc968cda7-91f3-411c-8181-e3d43d227f7e_photo653287192_000022.jpg,train/labels/obsc968cda7-91f3-411c-8181-e3d43d227f7e_photo653287192_000022.txt,c968cda7-91f3-411c-8181-e3d43d227f7e,653287192,0.4871,16,https://static.inaturalist.org/photos/653287192/large.jpg,bbox
train,train/images/obsc33b26bf-955e-45d2-96cb-bf3a12c32643_photo480653841_000622.jpg,train/labels/obsc33b26bf-955e-45d2-96cb-bf3a12c32643_photo480653841_000622.txt,c33b26bf-955e-45d2-96cb-bf3a12c32643,480653841,0.3160,1,https://inaturalist-open-data.s3.amazonaws.com/photos/480653841/large.jpeg,bbox
train,train/images/obs45054ac6-753e-4881-abbb-0e95ea9d87a1_photo657059314_000011.jpg,train/labels/obs45054ac6-753e-4881-abbb-0e95ea9d87a1_photo657059314_000011.txt,45054ac6-753e-4881-abbb-0e95ea9d87a1,657059314,0.2696,1,https://inaturalist-open-data.s3.amazonaws.com/photos/657059314/large.jpg,bbox
train,train/images/obs1f65b313-3173-42b6-8acd-b5f1d056f14a_photo644773128_000087.jpg,train/labels/obs1f65b313-3173-42b6-8acd-b5f1d056f14a_photo644773128_000087.txt,1f65b313-3173-42b6-8acd-b5f1d056f14a,644773128,0.6983,11,https://inaturalist-open-data.s3.amazonaws.com/photos/644773128/large.jpg,bbox
train,train/images/obs7e2a933c-14cc-472f-95ee-1e546c6f0cc9_photo278704251_000983.jpg,train/labels/obs7e2a933c-14cc-472f-95ee-1e546c6f0cc9_photo278704251_000983.txt,7e2a933c-14cc-472f-95ee-1e546c6f0cc9,278704251,0.6903,4,https://inaturalist-open-data.s3.amazonaws.com/photos/278704251/large.jpeg,bbox
train,train/images/obs902a1908-79e5-4f10-949a-571dd299cb60_photo471323361_000638.jpg,train/labels/obs902a1908-79e5-4f10-949a-571dd299cb60_photo471323361_000638.txt,902a1908-79e5-4f10-949a-571dd299cb60,471323361,0.8217,9,https://static.inaturalist.org/photos/471323361/large.jpg,bbox
train,train/images/obs018fc76b-841a-4e5c-9f67-b5fa2cfd654f_photo303556200_000956.jpg,train/labels/obs018fc76b-841a-4e5c-9f67-b5fa2cfd654f_photo303556200_000956.txt,018fc76b-841a-4e5c-9f67-b5fa2cfd654f,303556200,0.5429,32,https://static.inaturalist.org/photos/303556200/large.jpg,bbox
train,train/images/obs56ff4912-b3db-4515-969f-53137ec8380c_photo395218862_000797.jpg,train/labels/obs56ff4912-b3db-4515-969f-53137ec8380c_photo395218862_000797.txt,56ff4912-b3db-4515-969f-53137ec8380c,395218862,0.4458,3,https://inaturalist-open-data.s3.amazonaws.com/photos/395218862/large.jpeg,bbox
train,train/images/obs0472e109-d995-45c0-805c-92000644bbec_photo493327970_000508.jpg,train/labels/obs0472e109-d995-45c0-805c-92000644bbec_photo493327970_000508.txt,0472e109-d995-45c0-805c-92000644bbec,493327970,0.4150,1,https://inaturalist-open-data.s3.amazonaws.com/photos/493327970/large.jpeg,bbox
train,train/images/obs419fb268-5046-4ea9-9a3e-c4bfe95e34b6_photo526196185_000406.jpg,train/labels/obs419fb268-5046-4ea9-9a3e-c4bfe95e34b6_photo526196185_000406.txt,419fb268-5046-4ea9-9a3e-c4bfe95e34b6,526196185,0.6789,3,https://inaturalist-open-data.s3.amazonaws.com/photos/526196185/large.jpg,bbox
train,train/images/obs39c5d7b4-c177-4e03-8a50-a918eb12bdc4_photo481135103_000621.jpg,train/labels/obs39c5d7b4-c177-4e03-8a50-a918eb12bdc4_photo481135103_000621.txt,39c5d7b4-c177-4e03-8a50-a918eb12bdc4,481135103,0.6038,3,https://inaturalist-open-data.s3.amazonaws.com/photos/481135103/large.jpg,bbox
train,train/images/obs41be8114-baef-49eb-ab5a-fa0e0fa4c743_photo448976767_000704.jpg,train/labels/obs41be8114-baef-49eb-ab5a-fa0e0fa4c743_photo448976767_000704.txt,41be8114-baef-49eb-ab5a-fa0e0fa4c743,448976767,0.3850,1,https://inaturalist-open-data.s3.amazonaws.com/photos/448976767/large.jpg,bbox
train,train/images/obs815d2c34-7f91-4d44-9781-910ef5602f52_photo581585909_000314.jpg,train/labels/obs815d2c34-7f91-4d44-9781-910ef5602f52_photo581585909_000314.txt,815d2c34-7f91-4d44-9781-910ef5602f52,581585909,0.8199,1,https://inaturalist-open-data.s3.amazonaws.com/photos/581585909/large.jpg,bbox
train,train/images/obs0558e30a-ba84-4a7a-ae88-638747a85ff7_photo486272441_000558.jpg,train/labels/obs0558e30a-ba84-4a7a-ae88-638747a85ff7_photo486272441_000558.txt,0558e30a-ba84-4a7a-ae88-638747a85ff7,486272441,0.3112,1,https://static.inaturalist.org/photos/486272441/large.jpeg,bbox
train,train/images/obs24c337d8-97cc-421e-9ead-bf03247a9111_photo646662867_000067.jpg,train/labels/obs24c337d8-97cc-421e-9ead-bf03247a9111_photo646662867_000067.txt,24c337d8-97cc-421e-9ead-bf03247a9111,646662867,0.2675,1,https://inaturalist-open-data.s3.amazonaws.com/photos/646662867/large.jpg,bbox
train,train/images/obsb2644564-86a2-498d-8f32-3fdeb22f12d6_photo522878315_000420.jpg,train/labels/obsb2644564-86a2-498d-8f32-3fdeb22f12d6_photo522878315_000420.txt,b2644564-86a2-498d-8f32-3fdeb22f12d6,522878315,0.8506,14,https://inaturalist-open-data.s3.amazonaws.com/photos/522878315/large.jpg,bbox
train,train/images/obs6bb7c723-0971-4bc6-a69f-adacc94507ec_photo382603262_000824.jpg,train/labels/obs6bb7c723-0971-4bc6-a69f-adacc94507ec_photo382603262_000824.txt,6bb7c723-0971-4bc6-a69f-adacc94507ec,382603262,0.4312,1,https://inaturalist-open-data.s3.amazonaws.com/photos/382603262/large.jpeg,bbox
train,train/images/obsc6fa7f0b-9f54-4cdc-9d7c-60300fb9f6e1_photo647484423_000064.jpg,train/labels/obsc6fa7f0b-9f54-4cdc-9d7c-60300fb9f6e1_photo647484423_000064.txt,c6fa7f0b-9f54-4cdc-9d7c-60300fb9f6e1,647484423,0.7688,1,https://static.inaturalist.org/photos/647484423/large.jpg,bbox
train,train/images/obs1109d224-bd46-41be-8214-3ed969a7639b_photo646298326_000071.jpg,train/labels/obs1109d224-bd46-41be-8214-3ed969a7639b_photo646298326_000071.txt,1109d224-bd46-41be-8214-3ed969a7639b,646298326,0.2502,1,https://inaturalist-open-data.s3.amazonaws.com/photos/646298326/large.jpg,bbox
train,train/images/obsf58f4c17-e9f2-43e2-8da4-444be15007e7_photo618552506_000176.jpg,train/labels/obsf58f4c17-e9f2-43e2-8da4-444be15007e7_photo618552506_000176.txt,f58f4c17-e9f2-43e2-8da4-444be15007e7,618552506,0.6075,3,https://static.inaturalist.org/photos/618552506/large.jpg,bbox
train,train/images/obsaf80976e-e810-4aca-868d-d942b1f5f329_photo341630245_000919.jpg,train/labels/obsaf80976e-e810-4aca-868d-d942b1f5f329_photo341630245_000919.txt,af80976e-e810-4aca-868d-d942b1f5f329,341630245,0.4389,20,https://inaturalist-open-data.s3.amazonaws.com/photos/341630245/large.jpeg,bbox
train,train/images/obs2f7a9591-56ea-4cfc-842b-28aeee24a685_photo584456229_000310.jpg,train/labels/obs2f7a9591-56ea-4cfc-842b-28aeee24a685_photo584456229_000310.txt,2f7a9591-56ea-4cfc-842b-28aeee24a685,584456229,0.3310,1,https://inaturalist-open-data.s3.amazonaws.com/photos/584456229/large.jpg,bbox
train,train/images/obsa6bd9910-1026-4a7a-a6b3-25b6b6bba0b8_photo395541603_000798.jpg,train/labels/obsa6bd9910-1026-4a7a-a6b3-25b6b6bba0b8_photo395541603_000798.txt,a6bd9910-1026-4a7a-a6b3-25b6b6bba0b8,395541603,0.6964,16,https://inaturalist-open-data.s3.amazonaws.com/photos/395541603/large.jpeg,bbox
train,train/images/obsdcb5523c-6d6d-40a7-a16b-98a92dc4a4c5_photo386190679_000813.jpg,train/labels/obsdcb5523c-6d6d-40a7-a16b-98a92dc4a4c5_photo386190679_000813.txt,dcb5523c-6d6d-40a7-a16b-98a92dc4a4c5,386190679,0.6569,6,https://static.inaturalist.org/photos/386190679/large.jpeg,bbox
train,train/images/obs0558e30a-ba84-4a7a-ae88-638747a85ff7_photo486272751_000563.jpg,train/labels/obs0558e30a-ba84-4a7a-ae88-638747a85ff7_photo486272751_000563.txt,0558e30a-ba84-4a7a-ae88-638747a85ff7,486272751,0.3554,1,https://static.inaturalist.org/photos/486272751/large.jpeg,bbox
train,train/images/obs832185d0-8310-4c25-a584-ccccb194862b_photo534813654_000393.jpg,train/labels/obs832185d0-8310-4c25-a584-ccccb194862b_photo534813654_000393.txt,832185d0-8310-4c25-a584-ccccb194862b,534813654,0.5859,1,https://inaturalist-open-data.s3.amazonaws.com/photos/534813654/large.jpg,bbox
train,train/images/obsb8e742ed-8603-43f6-a9a4-cb39e1ad9cbc_photo449619391_000700.jpg,train/labels/obsb8e742ed-8603-43f6-a9a4-cb39e1ad9cbc_photo449619391_000700.txt,b8e742ed-8603-43f6-a9a4-cb39e1ad9cbc,449619391,0.2644,1,https://inaturalist-open-data.s3.amazonaws.com/photos/449619391/large.jpeg,bbox
train,train/images/obs93bfb8ae-3475-4cff-bbe2-2feb4a5be036_photo577348193_000325.jpg,train/labels/obs93bfb8ae-3475-4cff-bbe2-2feb4a5be036_photo577348193_000325.txt,93bfb8ae-3475-4cff-bbe2-2feb4a5be036,577348193,0.5078,1,https://inaturalist-open-data.s3.amazonaws.com/photos/577348193/large.jpg,bbox
train,train/images/obs96807c6b-6f36-4772-a227-deb1ae640732_photo527975766_000403.jpg,train/labels/obs96807c6b-6f36-4772-a227-deb1ae640732_photo527975766_000403.txt,96807c6b-6f36-4772-a227-deb1ae640732,527975766,0.2564,1,https://inaturalist-open-data.s3.amazonaws.com/photos/527975766/large.jpg,bbox
train,train/images/obs2016b6ce-13eb-4ce5-9d69-cd5dcc8b60e3_photo292026037_000968.jpg,train/labels/obs2016b6ce-13eb-4ce5-9d69-cd5dcc8b60e3_photo292026037_000968.txt,2016b6ce-13eb-4ce5-9d69-cd5dcc8b60e3,292026037,0.6769,16,https://static.inaturalist.org/photos/292026037/large.jpeg,bbox
train,train/images/obs16692720-b936-44e7-be5c-2f4d5b85ad63_photo495076907_000484.jpg,train/labels/obs16692720-b936-44e7-be5c-2f4d5b85ad63_photo495076907_000484.txt,16692720-b936-44e7-be5c-2f4d5b85ad63,495076907,0.6568,5,https://inaturalist-open-data.s3.amazonaws.com/photos/495076907/large.jpeg,bbox
train,train/images/obsc9316c59-66ca-4f12-b17c-593573dacd4c_photo659417329_000001.jpg,train/labels/obsc9316c59-66ca-4f12-b17c-593573dacd4c_photo659417329_000001.txt,c9316c59-66ca-4f12-b17c-593573dacd4c,659417329,0.8003,2,https://static.inaturalist.org/photos/659417329/large.jpg,bbox
train,train/images/obs42d7ffa0-b403-4de7-9a1e-a52c62c3202f_photo492374351_000521.jpg,train/labels/obs42d7ffa0-b403-4de7-9a1e-a52c62c3202f_photo492374351_000521.txt,42d7ffa0-b403-4de7-9a1e-a52c62c3202f,492374351,0.8269,2,https://inaturalist-open-data.s3.amazonaws.com/photos/492374351/large.jpg,bbox
train,train/images/obs79f3168c-f2f2-4512-b600-94c0389bc09c_photo405505388_000830.jpg,train/labels/obs79f3168c-f2f2-4512-b600-94c0389bc09c_photo405505388_000830.txt,79f3168c-f2f2-4512-b600-94c0389bc09c,405505388,0.3557,2,https://inaturalist-open-data.s3.amazonaws.com/photos/405505388/large.jpg,bbox
train,train/images/obsaf80976e-e810-4aca-868d-d942b1f5f329_photo341630317_000921.jpg,train/labels/obsaf80976e-e810-4aca-868d-d942b1f5f329_photo341630317_000921.txt,af80976e-e810-4aca-868d-d942b1f5f329,341630317,0.6601,12,https://inaturalist-open-data.s3.amazonaws.com/photos/341630317/large.jpeg,bbox
train,train/images/obs71d04ffd-22f5-47a1-bf77-097baef8aebb_photo633785552_000141.jpg,train/labels/obs71d04ffd-22f5-47a1-bf77-097baef8aebb_photo633785552_000141.txt,71d04ffd-22f5-47a1-bf77-097baef8aebb,633785552,0.2706,1,https://inaturalist-open-data.s3.amazonaws.com/photos/633785552/large.jpg,bbox
train,train/images/obs9e08cba2-a8d1-4cb7-b335-77ce9b86d601_photo499739025_000466.jpg,train/labels/obs9e08cba2-a8d1-4cb7-b335-77ce9b86d601_photo499739025_000466.txt,9e08cba2-a8d1-4cb7-b335-77ce9b86d601,499739025,0.7808,10,https://static.inaturalist.org/photos/499739025/large.jpeg,bbox
train,train/images/obs8b9d5f06-5535-4b30-8d2e-aeb48e7cf5ed_photo454883510_000684.jpg,train/labels/obs8b9d5f06-5535-4b30-8d2e-aeb48e7cf5ed_photo454883510_000684.txt,8b9d5f06-5535-4b30-8d2e-aeb48e7cf5ed,454883510,0.6015,7,https://inaturalist-open-data.s3.amazonaws.com/photos/454883510/large.jpeg,bbox
train,train/images/obs0558e30a-ba84-4a7a-ae88-638747a85ff7_photo486274119_000570.jpg,train/labels/obs0558e30a-ba84-4a7a-ae88-638747a85ff7_photo486274119_000570.txt,0558e30a-ba84-4a7a-ae88-638747a85ff7,486274119,0.6846,5,https://static.inaturalist.org/photos/486274119/large.jpeg,bbox
train,train/images/obs0558e30a-ba84-4a7a-ae88-638747a85ff7_photo486275441_000576.jpg,train/labels/obs0558e30a-ba84-4a7a-ae88-638747a85ff7_photo486275441_000576.txt,0558e30a-ba84-4a7a-ae88-638747a85ff7,486275441,0.8000,3,https://static.inaturalist.org/photos/486275441/large.jpg,bbox
train,train/images/obs07af96a4-3ab3-49d7-a1d5-d1ecaa650bce_photo508623800_000446.jpg,train/labels/obs07af96a4-3ab3-49d7-a1d5-d1ecaa650bce_photo508623800_000446.txt,07af96a4-3ab3-49d7-a1d5-d1ecaa650bce,508623800,0.7508,11,https://inaturalist-open-data.s3.amazonaws.com/photos/508623800/large.jpg,bbox
train,train/images/obsa697cf15-9868-49d3-a81e-064e4514961f_photo369919266_000874.jpg,train/labels/obsa697cf15-9868-49d3-a81e-064e4514961f_photo369919266_000874.txt,a697cf15-9868-49d3-a81e-064e4514961f,369919266,0.7979,10,https://static.inaturalist.org/photos/369919266/large.jpg,bbox
train,train/images/obs91d07722-f241-45f9-a9f7-1a6fc745a13e_photo274800726_000985.jpg,train/labels/obs91d07722-f241-45f9-a9f7-1a6fc745a13e_photo274800726_000985.txt,91d07722-f241-45f9-a9f7-1a6fc745a13e,274800726,0.7120,2,https://static.inaturalist.org/photos/274800726/large.jpeg,bbox
train,train/images/obs1ef9a386-2bbc-46a3-8142-5dda93aaa6e5_photo636022800_000134.jpg,train/labels/obs1ef9a386-2bbc-46a3-8142-5dda93aaa6e5_photo636022800_000134.txt,1ef9a386-2bbc-46a3-8142-5dda93aaa6e5,636022800,0.8950,2,https://inaturalist-open-data.s3.amazonaws.com/photos/636022800/large.jpg,bbox
train,train/images/obsfc3a7634-e970-4540-ad43-669774aa8566_photo390536666_000810.jpg,train/labels/obsfc3a7634-e970-4540-ad43-669774aa8566_photo390536666_000810.txt,fc3a7634-e970-4540-ad43-669774aa8566,390536666,0.4025,2,https://inaturalist-open-data.s3.amazonaws.com/photos/390536666/large.jpg,bbox
train,train/images/obs69e21b9a-cabc-4e6d-8102-c1417e123d34_photo369523526_000876.jpg,train/labels/obs69e21b9a-cabc-4e6d-8102-c1417e123d34_photo369523526_000876.txt,69e21b9a-cabc-4e6d-8102-c1417e123d34,369523526,0.8749,13,https://static.inaturalist.org/photos/369523526/large.jpeg,bbox
train,train/images/obsb2644564-86a2-498d-8f32-3fdeb22f12d6_photo522878414_000424.jpg,train/labels/obsb2644564-86a2-498d-8f32-3fdeb22f12d6_photo522878414_000424.txt,b2644564-86a2-498d-8f32-3fdeb22f12d6,522878414,0.2523,1,https://inaturalist-open-data.s3.amazonaws.com/photos/522878414/large.jpg,bbox
train,train/images/obsdfa57427-0df6-4fd3-8fee-6bd874844add_photo601193775_000241.jpg,train/labels/obsdfa57427-0df6-4fd3-8fee-6bd874844add_photo601193775_000241.txt,dfa57427-0df6-4fd3-8fee-6bd874844add,601193775,0.8810,2,https://inaturalist-open-data.s3.amazonaws.com/photos/601193775/large.jpg,bbox
train,train/images/obs6f62c90f-842b-4769-829c-ceaf1d00dbd9_photo396459179_000783.jpg,train/labels/obs6f62c90f-842b-4769-829c-ceaf1d00dbd9_photo396459179_000783.txt,6f62c90f-842b-4769-829c-ceaf1d00dbd9,396459179,0.4154,6,https://inaturalist-open-data.s3.amazonaws.com/photos/396459179/large.jpeg,bbox
train,train/images/obs0558e30a-ba84-4a7a-ae88-638747a85ff7_photo486274072_000569.jpg,train/labels/obs0558e30a-ba84-4a7a-ae88-638747a85ff7_photo486274072_000569.txt,0558e30a-ba84-4a7a-ae88-638747a85ff7,486274072,0.3722,1,https://static.inaturalist.org/photos/486274072/large.jpeg,bbox
train,train/images/obsb8854195-0f3e-4ba3-a75f-816dbeb33a04_photo529035055_000402.jpg,train/labels/obsb8854195-0f3e-4ba3-a75f-816dbeb33a04_photo529035055_000402.txt,b8854195-0f3e-4ba3-a75f-816dbeb33a04,529035055,0.9292,2,https://inaturalist-open-data.s3.amazonaws.com/photos/529035055/large.jpg,bbox
train,train/images/obs1cf4b2f9-29a9-4f6d-92d8-6d4369615922_photo497612136_000479.jpg,train/labels/obs1cf4b2f9-29a9-4f6d-92d8-6d4369615922_photo497612136_000479.txt,1cf4b2f9-29a9-4f6d-92d8-6d4369615922,497612136,0.3727,5,https://inaturalist-open-data.s3.amazonaws.com/photos/497612136/large.jpeg,bbox
train,train/images/obs2016b6ce-13eb-4ce5-9d69-cd5dcc8b60e3_photo292025990_000967.jpg,train/labels/obs2016b6ce-13eb-4ce5-9d69-cd5dcc8b60e3_photo292025990_000967.txt,2016b6ce-13eb-4ce5-9d69-cd5dcc8b60e3,292025990,0.9109,1,https://static.inaturalist.org/photos/292025990/large.jpeg,bbox
train,train/images/obs805877e9-b75d-4b12-8400-bc6f9d1f6e61_photo524767912_000411.jpg,train/labels/obs805877e9-b75d-4b12-8400-bc6f9d1f6e61_photo524767912_000411.txt,805877e9-b75d-4b12-8400-bc6f9d1f6e61,524767912,0.2604,1,https://inaturalist-open-data.s3.amazonaws.com/photos/524767912/large.jpg,bbox
train,train/images/obs57684999-c94e-4d13-9efe-8586b152263e_photo643327402_000103.jpg,train/labels/obs57684999-c94e-4d13-9efe-8586b152263e_photo643327402_000103.txt,57684999-c94e-4d13-9efe-8586b152263e,643327402,0.5062,3,https://static.inaturalist.org/photos/643327402/large.jpg,bbox
train,train/images/obsbc6a35b6-79a6-4247-942a-12de2fbd0d25_photo335264607_000933.jpg,train/labels/obsbc6a35b6-79a6-4247-942a-12de2fbd0d25_photo335264607_000933.txt,bc6a35b6-79a6-4247-942a-12de2fbd0d25,335264607,0.6474,6,https://inaturalist-open-data.s3.amazonaws.com/photos/335264607/large.jpeg,bbox
train,train/images/obs18290fbb-7d17-447c-9084-b2ce1db9f8f5_photo341332513_000927.jpg,train/labels/obs18290fbb-7d17-447c-9084-b2ce1db9f8f5_photo341332513_000927.txt,18290fbb-7d17-447c-9084-b2ce1db9f8f5,341332513,0.8778,1,https://inaturalist-open-data.s3.amazonaws.com/photos/341332513/large.jpeg,bbox
train,train/images/obs4b929168-4b36-4dde-ac5b-8a09d9362a14_photo389582824_000811.jpg,train/labels/obs4b929168-4b36-4dde-ac5b-8a09d9362a14_photo389582824_000811.txt,4b929168-4b36-4dde-ac5b-8a09d9362a14,389582824,0.9724,1,https://inaturalist-open-data.s3.amazonaws.com/photos/389582824/large.jpeg,bbox
train,train/images/obsd9ac5ebf-7817-4b04-b5dd-d3d43f360918_photo491257710_000530.jpg,train/labels/obsd9ac5ebf-7817-4b04-b5dd-d3d43f360918_photo491257710_000530.txt,d9ac5ebf-7817-4b04-b5dd-d3d43f360918,491257710,0.7501,2,https://inaturalist-open-data.s3.amazonaws.com/photos/491257710/large.jpeg,bbox
train,train/images/obs815d2c34-7f91-4d44-9781-910ef5602f52_photo581585935_000315.jpg,train/labels/obs815d2c34-7f91-4d44-9781-910ef5602f52_photo581585935_000315.txt,815d2c34-7f91-4d44-9781-910ef5602f52,581585935,0.7914,10,https://inaturalist-open-data.s3.amazonaws.com/photos/581585935/large.jpg,bbox
train,train/images/obsc797608f-9ef3-421a-af24-e9a01ad2e59b_photo343846123_000909.jpg,train/labels/obsc797608f-9ef3-421a-af24-e9a01ad2e59b_photo343846123_000909.txt,c797608f-9ef3-421a-af24-e9a01ad2e59b,343846123,0.7524,9,https://static.inaturalist.org/photos/343846123/large.jpeg,bbox
train,train/images/obs47ac5868-ef86-49e8-a036-021f747a4a82_photo270705743_000997.jpg,train/labels/obs47ac5868-ef86-49e8-a036-021f747a4a82_photo270705743_000997.txt,47ac5868-ef86-49e8-a036-021f747a4a82,270705743,0.3174,2,https://inaturalist-open-data.s3.amazonaws.com/photos/270705743/large.jpeg,bbox
train,train/images/obs7eb781f1-57fc-4d13-a176-04e1bd6ee42a_photo604165352_000229.jpg,train/labels/obs7eb781f1-57fc-4d13-a176-04e1bd6ee42a_photo604165352_000229.txt,7eb781f1-57fc-4d13-a176-04e1bd6ee42a,604165352,0.3121,1,https://inaturalist-open-data.s3.amazonaws.com/photos/604165352/large.jpg,bbox
train,train/images/obs0558e30a-ba84-4a7a-ae88-638747a85ff7_photo486275438_000574.jpg,train/labels/obs0558e30a-ba84-4a7a-ae88-638747a85ff7_photo486275438_000574.txt,0558e30a-ba84-4a7a-ae88-638747a85ff7,486275438,0.5005,1,https://static.inaturalist.org/photos/486275438/large.jpg,bbox
train,train/images/obs892f3d72-15c4-453c-ab7c-92b598b50b50_photo495460152_000480.jpg,train/labels/obs892f3d72-15c4-453c-ab7c-92b598b50b50_photo495460152_000480.txt,892f3d72-15c4-453c-ab7c-92b598b50b50,495460152,0.5822,20,https://inaturalist-open-data.s3.amazonaws.com/photos/495460152/large.jpeg,bbox
train,train/images/obs32244001-2f96-4ef6-b3aa-00b9bbeaee37_photo593363214_000279.jpg,train/labels/obs32244001-2f96-4ef6-b3aa-00b9bbeaee37_photo593363214_000279.txt,32244001-2f96-4ef6-b3aa-00b9bbeaee37,593363214,0.7945,8,https://static.inaturalist.org/photos/593363214/large.jpg,bbox
train,train/images/obs90fadec0-80a7-45fb-9dd5-74c591523ca8_photo433334911_000751.jpg,train/labels/obs90fadec0-80a7-45fb-9dd5-74c591523ca8_photo433334911_000751.txt,90fadec0-80a7-45fb-9dd5-74c591523ca8,433334911,0.4200,1,https://static.inaturalist.org/photos/433334911/large.jpeg,bbox
train,train/images/obs9b6eb8c3-2285-4eba-bac6-1b87b12c3434_photo493576399_000503.jpg,train/labels/obs9b6eb8c3-2285-4eba-bac6-1b87b12c3434_photo493576399_000503.txt,9b6eb8c3-2285-4eba-bac6-1b87b12c3434,493576399,0.4712,1,https://inaturalist-open-data.s3.amazonaws.com/photos/493576399/large.jpg,bbox
train,train/images/obsa697cf15-9868-49d3-a81e-064e4514961f_photo369919319_000871.jpg,train/labels/obsa697cf15-9868-49d3-a81e-064e4514961f_photo369919319_000871.txt,a697cf15-9868-49d3-a81e-064e4514961f,369919319,0.7402,11,https://static.inaturalist.org/photos/369919319/large.jpg,bbox
train,train/images/obs037a389c-1815-4aad-80fc-946f467edbd1_photo452235970_000692.jpg,train/labels/obs037a389c-1815-4aad-80fc-946f467edbd1_photo452235970_000692.txt,037a389c-1815-4aad-80fc-946f467edbd1,452235970,0.5941,2,https://static.inaturalist.org/photos/452235970/large.jpeg,bbox
train,train/images/obs6f62c90f-842b-4769-829c-ceaf1d00dbd9_photo396459326_000784.jpg,train/labels/obs6f62c90f-842b-4769-829c-ceaf1d00dbd9_photo396459326_000784.txt,6f62c90f-842b-4769-829c-ceaf1d00dbd9,396459326,0.3961,8,https://inaturalist-open-data.s3.amazonaws.com/photos/396459326/large.jpeg,bbox
train,train/images/obse6e28e45-bfb9-4363-a4a5-47d241d011a4_photo503320673_000458.jpg,train/labels/obse6e28e45-bfb9-4363-a4a5-47d241d011a4_photo503320673_000458.txt,e6e28e45-bfb9-4363-a4a5-47d241d011a4,503320673,0.5321,1,https://inaturalist-open-data.s3.amazonaws.com/photos/503320673/large.jpg,bbox
train,train/images/obs277f66d0-cc27-4bd5-8dcd-1ea1e365d454_photo392827840_000803.jpg,train/labels/obs277f66d0-cc27-4bd5-8dcd-1ea1e365d454_photo392827840_000803.txt,277f66d0-cc27-4bd5-8dcd-1ea1e365d454,392827840,0.4587,1,https://inaturalist-open-data.s3.amazonaws.com/photos/392827840/large.jpg,bbox
train,train/images/obsd74607ea-e39f-495c-9164-2b1c2ebaecb7_photo397216316_000779.jpg,train/labels/obsd74607ea-e39f-495c-9164-2b1c2ebaecb7_photo397216316_000779.txt,d74607ea-e39f-495c-9164-2b1c2ebaecb7,397216316,0.7219,22,https://inaturalist-open-data.s3.amazonaws.com/photos/397216316/large.jpg,bbox
train,train/images/obs1ef9a386-2bbc-46a3-8142-5dda93aaa6e5_photo636021816_000135.jpg,train/labels/obs1ef9a386-2bbc-46a3-8142-5dda93aaa6e5_photo636021816_000135.txt,1ef9a386-2bbc-46a3-8142-5dda93aaa6e5,636021816,0.8773,1,https://inaturalist-open-data.s3.amazonaws.com/photos/636021816/large.jpg,bbox
train,train/images/obsc797608f-9ef3-421a-af24-e9a01ad2e59b_photo343846154_000910.jpg,train/labels/obsc797608f-9ef3-421a-af24-e9a01ad2e59b_photo343846154_000910.txt,c797608f-9ef3-421a-af24-e9a01ad2e59b,343846154,0.7958,15,https://static.inaturalist.org/photos/343846154/large.jpeg,bbox
train,train/images/obsea4b6b00-a21e-4e2a-919b-f01d41f258ef_photo486255334_000608.jpg,train/labels/obsea4b6b00-a21e-4e2a-919b-f01d41f258ef_photo486255334_000608.txt,ea4b6b00-a21e-4e2a-919b-f01d41f258ef,486255334,0.5553,1,https://static.inaturalist.org/photos/486255334/large.jpeg,bbox
train,train/images/obsb2644564-86a2-498d-8f32-3fdeb22f12d6_photo522878348_000421.jpg,train/labels/obsb2644564-86a2-498d-8f32-3fdeb22f12d6_photo522878348_000421.txt,b2644564-86a2-498d-8f32-3fdeb22f12d6,522878348,0.5356,11,https://inaturalist-open-data.s3.amazonaws.com/photos/522878348/large.jpg,bbox
train,train/images/obsaf80976e-e810-4aca-868d-d942b1f5f329_photo341631259_000922.jpg,train/labels/obsaf80976e-e810-4aca-868d-d942b1f5f329_photo341631259_000922.txt,af80976e-e810-4aca-868d-d942b1f5f329,341631259,0.3962,1,https://inaturalist-open-data.s3.amazonaws.com/photos/341631259/large.jpeg,bbox
train,train/images/obs815d2c34-7f91-4d44-9781-910ef5602f52_photo581585867_000313.jpg,train/labels/obs815d2c34-7f91-4d44-9781-910ef5602f52_photo581585867_000313.txt,815d2c34-7f91-4d44-9781-910ef5602f52,581585867,0.7527,18,https://inaturalist-open-data.s3.amazonaws.com/photos/581585867/large.jpg,bbox
train,train/images/obs6e9c3740-c59b-41fc-b884-c76282feb436_photo483376054_000613.jpg,train/labels/obs6e9c3740-c59b-41fc-b884-c76282feb436_photo483376054_000613.txt,6e9c3740-c59b-41fc-b884-c76282feb436,483376054,0.5329,3,https://static.inaturalist.org/photos/483376054/large.jpg,bbox
train,train/images/obs0558e30a-ba84-4a7a-ae88-638747a85ff7_photo486275446_000566.jpg,train/labels/obs0558e30a-ba84-4a7a-ae88-638747a85ff7_photo486275446_000566.txt,0558e30a-ba84-4a7a-ae88-638747a85ff7,486275446,0.3908,1,https://static.inaturalist.org/photos/486275446/large.jpg,bbox
train,train/images/obs0558e30a-ba84-4a7a-ae88-638747a85ff7_photo486275443_000575.jpg,train/labels/obs0558e30a-ba84-4a7a-ae88-638747a85ff7_photo486275443_000575.txt,0558e30a-ba84-4a7a-ae88-638747a85ff7,486275443,0.4003,3,https://static.inaturalist.org/photos/486275443/large.jpg,bbox
train,train/images/obs7be59279-37a5-4684-a976-a1b14968edee_photo385868168_000814.jpg,train/labels/obs7be59279-37a5-4684-a976-a1b14968edee_photo385868168_000814.txt,7be59279-37a5-4684-a976-a1b14968edee,385868168,0.7244,17,https://static.inaturalist.org/photos/385868168/large.jpg,bbox
train,train/images/obs4f4a3d51-9026-4cf5-bfe1-ea1b7f4de57a_photo492287506_000523.jpg,train/labels/obs4f4a3d51-9026-4cf5-bfe1-ea1b7f4de57a_photo492287506_000523.txt,4f4a3d51-9026-4cf5-bfe1-ea1b7f4de57a,492287506,0.2895,1,https://inaturalist-open-data.s3.amazonaws.com/photos/492287506/large.jpeg,bbox
train,train/images/obs732c73d7-3fe7-4d8a-a6eb-f758bfc95f92_photo549858291_000382.jpg,train/labels/obs732c73d7-3fe7-4d8a-a6eb-f758bfc95f92_photo549858291_000382.txt,732c73d7-3fe7-4d8a-a6eb-f758bfc95f92,549858291,0.7599,9,https://inaturalist-open-data.s3.amazonaws.com/photos/549858291/large.jpg,bbox
train,train/images/obs9bec2e09-4f33-4580-a542-43deae93e8c7_photo445481810_000723.jpg,train/labels/obs9bec2e09-4f33-4580-a542-43deae93e8c7_photo445481810_000723.txt,9bec2e09-4f33-4580-a542-43deae93e8c7,445481810,0.5541,2,https://inaturalist-open-data.s3.amazonaws.com/photos/445481810/large.jpeg,bbox
train,train/images/obs1ef9a386-2bbc-46a3-8142-5dda93aaa6e5_photo636024801_000129.jpg,train/labels/obs1ef9a386-2bbc-46a3-8142-5dda93aaa6e5_photo636024801_000129.txt,1ef9a386-2bbc-46a3-8142-5dda93aaa6e5,636024801,0.5872,1,https://inaturalist-open-data.s3.amazonaws.com/photos/636024801/large.jpg,bbox
train,train/images/obsea4b6b00-a21e-4e2a-919b-f01d41f258ef_photo486255210_000606.jpg,train/labels/obsea4b6b00-a21e-4e2a-919b-f01d41f258ef_photo486255210_000606.txt,ea4b6b00-a21e-4e2a-919b-f01d41f258ef,486255210,0.6968,1,https://static.inaturalist.org/photos/486255210/large.jpeg,bbox
train,train/images/obs1ef9a386-2bbc-46a3-8142-5dda93aaa6e5_photo636019242_000136.jpg,train/labels/obs1ef9a386-2bbc-46a3-8142-5dda93aaa6e5_photo636019242_000136.txt,1ef9a386-2bbc-46a3-8142-5dda93aaa6e5,636019242,0.7942,2,https://inaturalist-open-data.s3.amazonaws.com/photos/636019242/large.jpg,bbox
train,train/images/obs4f3e7d19-9c0c-4a49-8179-db3a330d4b79_photo600598218_000248.jpg,train/labels/obs4f3e7d19-9c0c-4a49-8179-db3a330d4b79_photo600598218_000248.txt,4f3e7d19-9c0c-4a49-8179-db3a330d4b79,600598218,0.8688,3,https://inaturalist-open-data.s3.amazonaws.com/photos/600598218/large.jpg,bbox
train,train/images/obsa697cf15-9868-49d3-a81e-064e4514961f_photo369919239_000873.jpg,train/labels/obsa697cf15-9868-49d3-a81e-064e4514961f_photo369919239_000873.txt,a697cf15-9868-49d3-a81e-064e4514961f,369919239,0.7968,26,https://static.inaturalist.org/photos/369919239/large.jpg,bbox
train,train/images/obse3c3e1ac-2a38-43af-b88c-3f3d6c221a42_photo494554395_000493.jpg,train/labels/obse3c3e1ac-2a38-43af-b88c-3f3d6c221a42_photo494554395_000493.txt,e3c3e1ac-2a38-43af-b88c-3f3d6c221a42,494554395,0.8808,6,https://inaturalist-open-data.s3.amazonaws.com/photos/494554395/large.jpeg,bbox
train,train/images/obs5f6ba436-c6b5-4d6d-85ef-44c892b34ab8_photo294646732_000963.jpg,train/labels/obs5f6ba436-c6b5-4d6d-85ef-44c892b34ab8_photo294646732_000963.txt,5f6ba436-c6b5-4d6d-85ef-44c892b34ab8,294646732,0.6562,2,https://inaturalist-open-data.s3.amazonaws.com/photos/294646732/large.jpg,bbox
train,train/images/obs769e0d78-a71e-4762-a2d5-b646989996b9_photo416925971_000759.jpg,train/labels/obs769e0d78-a71e-4762-a2d5-b646989996b9_photo416925971_000759.txt,769e0d78-a71e-4762-a2d5-b646989996b9,416925971,0.7043,3,https://inaturalist-open-data.s3.amazonaws.com/photos/416925971/large.jpg,bbox
train,train/images/obsc62ba4bd-7baa-4d99-9d1d-c792db69d28e_photo645974821_000076.jpg,train/labels/obsc62ba4bd-7baa-4d99-9d1d-c792db69d28e_photo645974821_000076.txt,c62ba4bd-7baa-4d99-9d1d-c792db69d28e,645974821,0.7159,9,https://static.inaturalist.org/photos/645974821/large.jpg,bbox
train,train/images/obsb2644564-86a2-498d-8f32-3fdeb22f12d6_photo522878390_000423.jpg,train/labels/obsb2644564-86a2-498d-8f32-3fdeb22f12d6_photo522878390_000423.txt,b2644564-86a2-498d-8f32-3fdeb22f12d6,522878390,0.2714,1,https://inaturalist-open-data.s3.amazonaws.com/photos/522878390/large.jpg,bbox
train,train/images/obsb81ed122-6fa3-4567-bac9-279cf53b835b_photo289108117_000973.jpg,train/labels/obsb81ed122-6fa3-4567-bac9-279cf53b835b_photo289108117_000973.txt,b81ed122-6fa3-4567-bac9-279cf53b835b,289108117,0.7542,8,https://static.inaturalist.org/photos/289108117/large.jpeg,bbox
train,train/images/obsaf0e833b-1eb0-4d59-8be6-ae5a340b036f_photo564120421_000358.jpg,train/labels/obsaf0e833b-1eb0-4d59-8be6-ae5a340b036f_photo564120421_000358.txt,af0e833b-1eb0-4d59-8be6-ae5a340b036f,564120421,0.7869,11,https://static.inaturalist.org/photos/564120421/large.jpg,bbox
train,train/images/obsb111a312-7454-4da9-aadf-de952e956adb_photo441522423_000740.jpg,train/labels/obsb111a312-7454-4da9-aadf-de952e956adb_photo441522423_000740.txt,b111a312-7454-4da9-aadf-de952e956adb,441522423,0.9086,1,https://inaturalist-open-data.s3.amazonaws.com/photos/441522423/large.jpeg,bbox
train,train/images/obs0558e30a-ba84-4a7a-ae88-638747a85ff7_photo486270699_000555.jpg,train/labels/obs0558e30a-ba84-4a7a-ae88-638747a85ff7_photo486270699_000555.txt,0558e30a-ba84-4a7a-ae88-638747a85ff7,486270699,0.6528,4,https://static.inaturalist.org/photos/486270699/large.jpeg,bbox
train,train/images/obs1e6b95ce-948a-4fdb-b821-fb065e1da9b6_photo449083143_000703.jpg,train/labels/obs1e6b95ce-948a-4fdb-b821-fb065e1da9b6_photo449083143_000703.txt,1e6b95ce-948a-4fdb-b821-fb065e1da9b6,449083143,0.3293,1,https://static.inaturalist.org/photos/449083143/large.jpeg,bbox
train,train/images/obs439a403b-3bec-4e96-81fb-e4dd3acc639f_photo275833660_000984.jpg,train/labels/obs439a403b-3bec-4e96-81fb-e4dd3acc639f_photo275833660_000984.txt,439a403b-3bec-4e96-81fb-e4dd3acc639f,275833660,0.2667,1,https://inaturalist-open-data.s3.amazonaws.com/photos/275833660/large.jpg,bbox
train,train/images/obsc91094ed-856c-4d23-a585-bb8dd8d6161d_photo458427409_000669.jpg,train/labels/obsc91094ed-856c-4d23-a585-bb8dd8d6161d_photo458427409_000669.txt,c91094ed-856c-4d23-a585-bb8dd8d6161d,458427409,0.9351,5,https://inaturalist-open-data.s3.amazonaws.com/photos/458427409/large.jpg,bbox
train,train/images/obsa74b56ea-f6eb-4d2a-8663-c2cabe2a9f8e_photo621132648_000191.jpg,train/labels/obsa74b56ea-f6eb-4d2a-8663-c2cabe2a9f8e_photo621132648_000191.txt,a74b56ea-f6eb-4d2a-8663-c2cabe2a9f8e,621132648,0.4183,2,https://static.inaturalist.org/photos/621132648/large.jpg,bbox
train,train/images/obs65fddee0-ffe0-48ff-a149-33681c281aec_photo643534510_000097.jpg,train/labels/obs65fddee0-ffe0-48ff-a149-33681c281aec_photo643534510_000097.txt,65fddee0-ffe0-48ff-a149-33681c281aec,643534510,0.7792,9,https://inaturalist-open-data.s3.amazonaws.com/photos/643534510/large.jpg,bbox
train,train/images/obs3026be23-2106-4737-8cdb-b6fa09ed11cb_photo568421510_000356.jpg,train/labels/obs3026be23-2106-4737-8cdb-b6fa09ed11cb_photo568421510_000356.txt,3026be23-2106-4737-8cdb-b6fa09ed11cb,568421510,0.3175,1,https://inaturalist-open-data.s3.amazonaws.com/photos/568421510/large.jpg,bbox
train,train/images/obs81248232-03d6-4403-a255-038d35f12193_photo596685922_000269.jpg,train/labels/obs81248232-03d6-4403-a255-038d35f12193_photo596685922_000269.txt,81248232-03d6-4403-a255-038d35f12193,596685922,0.3189,1,https://inaturalist-open-data.s3.amazonaws.com/photos/596685922/large.jpg,bbox
train,train/images/obs7572c3b4-d2f9-45ed-b322-41e486a83ac1_photo508563933_000447.jpg,train/labels/obs7572c3b4-d2f9-45ed-b322-41e486a83ac1_photo508563933_000447.txt,7572c3b4-d2f9-45ed-b322-41e486a83ac1,508563933,0.3560,1,https://inaturalist-open-data.s3.amazonaws.com/photos/508563933/large.jpg,bbox
train,train/images/obs5e3ec2c6-7211-49f2-94ae-abbbff21b307_photo505448590_000457.jpg,train/labels/obs5e3ec2c6-7211-49f2-94ae-abbbff21b307_photo505448590_000457.txt,5e3ec2c6-7211-49f2-94ae-abbbff21b307,505448590,0.8089,5,https://static.inaturalist.org/photos/505448590/large.jpg,bbox
train,train/images/obse6b82bae-3b9f-4c98-ba4b-dcaf9b726a62_photo615801713_000185.jpg,train/labels/obse6b82bae-3b9f-4c98-ba4b-dcaf9b726a62_photo615801713_000185.txt,e6b82bae-3b9f-4c98-ba4b-dcaf9b726a62,615801713,0.6089,2,https://inaturalist-open-data.s3.amazonaws.com/photos/615801713/large.jpg,bbox
train,train/images/obs5e3ec2c6-7211-49f2-94ae-abbbff21b307_photo505448538_000456.jpg,train/labels/obs5e3ec2c6-7211-49f2-94ae-abbbff21b307_photo505448538_000456.txt,5e3ec2c6-7211-49f2-94ae-abbbff21b307,505448538,0.7417,4,https://static.inaturalist.org/photos/505448538/large.jpg,bbox
train,train/images/obs0558e30a-ba84-4a7a-ae88-638747a85ff7_photo486270657_000551.jpg,train/labels/obs0558e30a-ba84-4a7a-ae88-638747a85ff7_photo486270657_000551.txt,0558e30a-ba84-4a7a-ae88-638747a85ff7,486270657,0.7766,6,https://static.inaturalist.org/photos/486270657/large.jpeg,bbox
train,train/images/obs40ea683a-7dab-40ff-b8c2-ce860e1ca013_photo373759118_000854.jpg,train/labels/obs40ea683a-7dab-40ff-b8c2-ce860e1ca013_photo373759118_000854.txt,40ea683a-7dab-40ff-b8c2-ce860e1ca013,373759118,0.5623,1,https://inaturalist-open-data.s3.amazonaws.com/photos/373759118/large.jpg,bbox
train,train/images/obs4ba24d15-6fe1-4542-a235-d871662336ac_photo382392204_000823.jpg,train/labels/obs4ba24d15-6fe1-4542-a235-d871662336ac_photo382392204_000823.txt,4ba24d15-6fe1-4542-a235-d871662336ac,382392204,0.9182,2,https://inaturalist-open-data.s3.amazonaws.com/photos/382392204/large.jpeg,bbox
train,train/images/obs5ee6aa48-db40-4ad8-954c-df6b03b4523f_photo636025971_000127.jpg,train/labels/obs5ee6aa48-db40-4ad8-954c-df6b03b4523f_photo636025971_000127.txt,5ee6aa48-db40-4ad8-954c-df6b03b4523f,636025971,0.5991,7,https://inaturalist-open-data.s3.amazonaws.com/photos/636025971/large.jpg,bbox
train,train/images/obsb31dbfea-43ab-47e7-be25-01a3bd6f089f_photo331410566_000936.jpg,train/labels/obsb31dbfea-43ab-47e7-be25-01a3bd6f089f_photo331410566_000936.txt,b31dbfea-43ab-47e7-be25-01a3bd6f089f,331410566,0.6959,32,https://inaturalist-open-data.s3.amazonaws.com/photos/331410566/large.jpg,bbox
train,train/images/obs6bb0a305-2158-4026-81c7-1dbfe9074afe_photo269566807_000998.jpg,train/labels/obs6bb0a305-2158-4026-81c7-1dbfe9074afe_photo269566807_000998.txt,6bb0a305-2158-4026-81c7-1dbfe9074afe,269566807,0.9518,1,https://inaturalist-open-data.s3.amazonaws.com/photos/269566807/large.jpg,bbox
train,train/images/obs58c345a8-4c46-430f-a657-0a363816ee69_photo531146574_000399.jpg,train/labels/obs58c345a8-4c46-430f-a657-0a363816ee69_photo531146574_000399.txt,58c345a8-4c46-430f-a657-0a363816ee69,531146574,0.5577,4,https://inaturalist-open-data.s3.amazonaws.com/photos/531146574/large.jpg,bbox
train,train/images/obsb10168c8-e718-48f5-8c3a-0b352b702f4c_photo590759879_000293.jpg,train/labels/obsb10168c8-e718-48f5-8c3a-0b352b702f4c_photo590759879_000293.txt,b10168c8-e718-48f5-8c3a-0b352b702f4c,590759879,0.4132,10,https://inaturalist-open-data.s3.amazonaws.com/photos/590759879/large.jpg,bbox
val,val/images/obs0863f3bc-7a87-48ed-a9fd-555dba05257f_photo390745641_000808.jpg,val/labels/obs0863f3bc-7a87-48ed-a9fd-555dba05257f_photo390745641_000808.txt,0863f3bc-7a87-48ed-a9fd-555dba05257f,390745641,0.2595,1,https://inaturalist-open-data.s3.amazonaws.com/photos/390745641/large.jpeg,bbox
val,val/images/obsae9fc2ae-c1a2-47fb-b80d-78de0d1910d6_photo643535012_000095.jpg,val/labels/obsae9fc2ae-c1a2-47fb-b80d-78de0d1910d6_photo643535012_000095.txt,ae9fc2ae-c1a2-47fb-b80d-78de0d1910d6,643535012,0.4395,1,https://inaturalist-open-data.s3.amazonaws.com/photos/643535012/large.jpg,bbox
val,val/images/obsdfa57427-0df6-4fd3-8fee-6bd874844add_photo601193786_000242.jpg,val/labels/obsdfa57427-0df6-4fd3-8fee-6bd874844add_photo601193786_000242.txt,dfa57427-0df6-4fd3-8fee-6bd874844add,601193786,0.8229,19,https://inaturalist-open-data.s3.amazonaws.com/photos/601193786/large.jpg,bbox
val,val/images/obs9bec2e09-4f33-4580-a542-43deae93e8c7_photo445481825_000727.jpg,val/labels/obs9bec2e09-4f33-4580-a542-43deae93e8c7_photo445481825_000727.txt,9bec2e09-4f33-4580-a542-43deae93e8c7,445481825,0.7929,6,https://inaturalist-open-data.s3.amazonaws.com/photos/445481825/large.jpeg,bbox
val,val/images/obsd1724e6c-1e43-4497-8b0f-80b17b9750e0_photo506628634_000450.jpg,val/labels/obsd1724e6c-1e43-4497-8b0f-80b17b9750e0_photo506628634_000450.txt,d1724e6c-1e43-4497-8b0f-80b17b9750e0,506628634,0.4992,10,https://inaturalist-open-data.s3.amazonaws.com/photos/506628634/large.jpg,bbox
val,val/images/obs65d80917-7b03-4f45-9624-2d98d2651bcb_photo395323681_000786.jpg,val/labels/obs65d80917-7b03-4f45-9624-2d98d2651bcb_photo395323681_000786.txt,65d80917-7b03-4f45-9624-2d98d2651bcb,395323681,0.6829,1,https://static.inaturalist.org/photos/395323681/large.jpg,bbox
val,val/images/obs56ff4912-b3db-4515-969f-53137ec8380c_photo395218811_000796.jpg,val/labels/obs56ff4912-b3db-4515-969f-53137ec8380c_photo395218811_000796.txt,56ff4912-b3db-4515-969f-53137ec8380c,395218811,0.4500,2,https://inaturalist-open-data.s3.amazonaws.com/photos/395218811/large.jpeg,bbox
val,val/images/obsf777f769-2fbd-47d6-9c89-87299b227e19_photo530051806_000400.jpg,val/labels/obsf777f769-2fbd-47d6-9c89-87299b227e19_photo530051806_000400.txt,f777f769-2fbd-47d6-9c89-87299b227e19,530051806,0.5660,8,https://inaturalist-open-data.s3.amazonaws.com/photos/530051806/large.jpg,bbox
val,val/images/obsb8e742ed-8603-43f6-a9a4-cb39e1ad9cbc_photo449619382_000699.jpg,val/labels/obsb8e742ed-8603-43f6-a9a4-cb39e1ad9cbc_photo449619382_000699.txt,b8e742ed-8603-43f6-a9a4-cb39e1ad9cbc,449619382,0.2763,1,https://inaturalist-open-data.s3.amazonaws.com/photos/449619382/large.jpeg,bbox
val,val/images/obsbc50b1dc-2f4e-4ec9-bf62-6cebbef0b5e1_photo639904855_000113.jpg,val/labels/obsbc50b1dc-2f4e-4ec9-bf62-6cebbef0b5e1_photo639904855_000113.txt,bc50b1dc-2f4e-4ec9-bf62-6cebbef0b5e1,639904855,0.6444,6,https://inaturalist-open-data.s3.amazonaws.com/photos/639904855/large.jpg,bbox
val,val/images/obs5131a394-71af-4b37-b7eb-25fbe2099c35_photo503251396_000459.jpg,val/labels/obs5131a394-71af-4b37-b7eb-25fbe2099c35_photo503251396_000459.txt,5131a394-71af-4b37-b7eb-25fbe2099c35,503251396,0.5186,2,https://static.inaturalist.org/photos/503251396/large.jpg,bbox
val,val/images/obs1ef9a386-2bbc-46a3-8142-5dda93aaa6e5_photo636022897_000133.jpg,val/labels/obs1ef9a386-2bbc-46a3-8142-5dda93aaa6e5_photo636022897_000133.txt,1ef9a386-2bbc-46a3-8142-5dda93aaa6e5,636022897,0.8720,1,https://inaturalist-open-data.s3.amazonaws.com/photos/636022897/large.jpg,bbox
val,val/images/obs048a5b27-34be-4221-b658-34d2b4bb48a8_photo457499466_000672.jpg,val/labels/obs048a5b27-34be-4221-b658-34d2b4bb48a8_photo457499466_000672.txt,048a5b27-34be-4221-b658-34d2b4bb48a8,457499466,0.8306,3,https://static.inaturalist.org/photos/457499466/large.jpg,bbox
val,val/images/obs0558e30a-ba84-4a7a-ae88-638747a85ff7_photo486275489_000554.jpg,val/labels/obs0558e30a-ba84-4a7a-ae88-638747a85ff7_photo486275489_000554.txt,0558e30a-ba84-4a7a-ae88-638747a85ff7,486275489,0.3225,1,https://static.inaturalist.org/photos/486275489/large.jpg,bbox
val,val/images/obs9fb78e58-5e84-4d39-99e1-fe28d811d773_photo646333798_000070.jpg,val/labels/obs9fb78e58-5e84-4d39-99e1-fe28d811d773_photo646333798_000070.txt,9fb78e58-5e84-4d39-99e1-fe28d811d773,646333798,0.2534,1,https://inaturalist-open-data.s3.amazonaws.com/photos/646333798/large.jpg,bbox
val,val/images/obs7fb6d5bb-9249-457f-8c33-74efffcf091f_photo574182426_000338.jpg,val/labels/obs7fb6d5bb-9249-457f-8c33-74efffcf091f_photo574182426_000338.txt,7fb6d5bb-9249-457f-8c33-74efffcf091f,574182426,0.9474,7,https://static.inaturalist.org/photos/574182426/large.jpg,bbox
val,val/images/obsfb4f6495-1939-48d8-b77f-3a79c0eeade6_photo337336471_000931.jpg,val/labels/obsfb4f6495-1939-48d8-b77f-3a79c0eeade6_photo337336471_000931.txt,fb4f6495-1939-48d8-b77f-3a79c0eeade6,337336471,0.3842,5,https://static.inaturalist.org/photos/337336471/large.jpg,bbox
val,val/images/obs337b7a1d-4bd1-4a0a-a301-a6fafe00ed33_photo512179956_000441.jpg,val/labels/obs337b7a1d-4bd1-4a0a-a301-a6fafe00ed33_photo512179956_000441.txt,337b7a1d-4bd1-4a0a-a301-a6fafe00ed33,512179956,0.3846,2,https://inaturalist-open-data.s3.amazonaws.com/photos/512179956/large.jpg,bbox
val,val/images/obs732e8ca1-bdb4-495e-9a35-feb7cf1bd397_photo508230149_000448.jpg,val/labels/obs732e8ca1-bdb4-495e-9a35-feb7cf1bd397_photo508230149_000448.txt,732e8ca1-bdb4-495e-9a35-feb7cf1bd397,508230149,0.5723,4,https://static.inaturalist.org/photos/508230149/large.jpg,bbox
val,val/images/obs5ee6aa48-db40-4ad8-954c-df6b03b4523f_photo636025138_000126.jpg,val/labels/obs5ee6aa48-db40-4ad8-954c-df6b03b4523f_photo636025138_000126.txt,5ee6aa48-db40-4ad8-954c-df6b03b4523f,636025138,0.9165,2,https://inaturalist-open-data.s3.amazonaws.com/photos/636025138/large.jpg,bbox
val,val/images/obs60f5d7fa-3ceb-4133-82bf-16ad90941f71_photo501724085_000461.jpg,val/labels/obs60f5d7fa-3ceb-4133-82bf-16ad90941f71_photo501724085_000461.txt,60f5d7fa-3ceb-4133-82bf-16ad90941f71,501724085,0.4687,3,https://static.inaturalist.org/photos/501724085/large.jpeg,bbox
val,val/images/obs4162874a-9af3-4372-8715-287e4d16f718_photo306082824_000954.jpg,val/labels/obs4162874a-9af3-4372-8715-287e4d16f718_photo306082824_000954.txt,4162874a-9af3-4372-8715-287e4d16f718,306082824,0.5685,3,https://inaturalist-open-data.s3.amazonaws.com/photos/306082824/large.jpeg,bbox
val,val/images/obscf143e53-04ea-4d84-bcf3-f4eea72670a3_photo284426267_000976.jpg,val/labels/obscf143e53-04ea-4d84-bcf3-f4eea72670a3_photo284426267_000976.txt,cf143e53-04ea-4d84-bcf3-f4eea72670a3,284426267,0.7867,3,https://static.inaturalist.org/photos/284426267/large.jpg,bbox
val,val/images/obs3424cae7-1483-4db8-87ef-df4e3def2eb2_photo518725889_000429.jpg,val/labels/obs3424cae7-1483-4db8-87ef-df4e3def2eb2_photo518725889_000429.txt,3424cae7-1483-4db8-87ef-df4e3def2eb2,518725889,0.2595,1,https://inaturalist-open-data.s3.amazonaws.com/photos/518725889/large.jpg,bbox
val,val/images/obsa1d2e68f-6953-44c8-b510-a2eafcb85e44_photo310577339_000952.jpg,val/labels/obsa1d2e68f-6953-44c8-b510-a2eafcb85e44_photo310577339_000952.txt,a1d2e68f-6953-44c8-b510-a2eafcb85e44,310577339,0.6767,1,https://static.inaturalist.org/photos/310577339/large.jpeg,bbox
val,val/images/obsf58f4c17-e9f2-43e2-8da4-444be15007e7_photo618552579_000177.jpg,val/labels/obsf58f4c17-e9f2-43e2-8da4-444be15007e7_photo618552579_000177.txt,f58f4c17-e9f2-43e2-8da4-444be15007e7,618552579,0.8853,2,https://static.inaturalist.org/photos/618552579/large.jpg,bbox
val,val/images/obsa697cf15-9868-49d3-a81e-064e4514961f_photo369919289_000875.jpg,val/labels/obsa697cf15-9868-49d3-a81e-064e4514961f_photo369919289_000875.txt,a697cf15-9868-49d3-a81e-064e4514961f,369919289,0.8306,11,https://static.inaturalist.org/photos/369919289/large.jpg,bbox
val,val/images/obs0b14bf6f-c8c9-4c38-9e55-1bd691e5d9e7_photo517102266_000432.jpg,val/labels/obs0b14bf6f-c8c9-4c38-9e55-1bd691e5d9e7_photo517102266_000432.txt,0b14bf6f-c8c9-4c38-9e55-1bd691e5d9e7,517102266,0.8899,5,https://inaturalist-open-data.s3.amazonaws.com/photos/517102266/large.jpg,bbox
val,val/images/obs342046c5-7bb0-4ee5-a7e3-8c0d24d44afc_photo294365931_000965.jpg,val/labels/obs342046c5-7bb0-4ee5-a7e3-8c0d24d44afc_photo294365931_000965.txt,342046c5-7bb0-4ee5-a7e3-8c0d24d44afc,294365931,0.4220,2,https://static.inaturalist.org/photos/294365931/large.jpeg,bbox
val,val/images/obs1725d0c7-4689-415a-a362-454c93cb3cc7_photo378189301_000832.jpg,val/labels/obs1725d0c7-4689-415a-a362-454c93cb3cc7_photo378189301_000832.txt,1725d0c7-4689-415a-a362-454c93cb3cc7,378189301,0.4295,15,https://static.inaturalist.org/photos/378189301/large.jpg,bbox
val,val/images/obsf58f4c17-e9f2-43e2-8da4-444be15007e7_photo618552598_000178.jpg,val/labels/obsf58f4c17-e9f2-43e2-8da4-444be15007e7_photo618552598_000178.txt,f58f4c17-e9f2-43e2-8da4-444be15007e7,618552598,0.7779,17,https://static.inaturalist.org/photos/618552598/large.jpg,bbox
val,val/images/obseb617fb1-a3f5-476f-ad8a-4717847d63b0_photo658600742_000002.jpg,val/labels/obseb617fb1-a3f5-476f-ad8a-4717847d63b0_photo658600742_000002.txt,eb617fb1-a3f5-476f-ad8a-4717847d63b0,658600742,0.7219,16,https://inaturalist-open-data.s3.amazonaws.com/photos/658600742/large.jpg,bbox
val,val/images/obs732c73d7-3fe7-4d8a-a6eb-f758bfc95f92_photo549858288_000381.jpg,val/labels/obs732c73d7-3fe7-4d8a-a6eb-f758bfc95f92_photo549858288_000381.txt,732c73d7-3fe7-4d8a-a6eb-f758bfc95f92,549858288,0.3913,1,https://inaturalist-open-data.s3.amazonaws.com/photos/549858288/large.jpg,bbox
val,val/images/obs0753c0d3-2c66-4760-ac88-f3da087c58bc_photo436804855_000748.jpg,val/labels/obs0753c0d3-2c66-4760-ac88-f3da087c58bc_photo436804855_000748.txt,0753c0d3-2c66-4760-ac88-f3da087c58bc,436804855,0.4428,1,https://inaturalist-open-data.s3.amazonaws.com/photos/436804855/large.jpeg,bbox
val,val/images/obs7bea24f1-009d-4b98-a2f6-6a1c196f8e6f_photo491133045_000532.jpg,val/labels/obs7bea24f1-009d-4b98-a2f6-6a1c196f8e6f_photo491133045_000532.txt,7bea24f1-009d-4b98-a2f6-6a1c196f8e6f,491133045,0.4116,3,https://inaturalist-open-data.s3.amazonaws.com/photos/491133045/large.jpg,bbox
val,val/images/obsceb27365-7014-499a-8a04-7328ade25f0d_photo592507804_000285.jpg,val/labels/obsceb27365-7014-499a-8a04-7328ade25f0d_photo592507804_000285.txt,ceb27365-7014-499a-8a04-7328ade25f0d,592507804,0.3149,2,https://static.inaturalist.org/photos/592507804/large.jpg,bbox
val,val/images/obsac726704-2214-480b-9338-f253871690f4_photo493200355_000510.jpg,val/labels/obsac726704-2214-480b-9338-f253871690f4_photo493200355_000510.txt,ac726704-2214-480b-9338-f253871690f4,493200355,0.8924,4,https://inaturalist-open-data.s3.amazonaws.com/photos/493200355/large.jpeg,bbox
val,val/images/obsb81ed122-6fa3-4567-bac9-279cf53b835b_photo289107997_000972.jpg,val/labels/obsb81ed122-6fa3-4567-bac9-279cf53b835b_photo289107997_000972.txt,b81ed122-6fa3-4567-bac9-279cf53b835b,289107997,0.7851,6,https://static.inaturalist.org/photos/289107997/large.jpeg,bbox
val,val/images/obs49b580ee-244c-42b6-bbb3-bd620387c58f_photo376807866_000837.jpg,val/labels/obs49b580ee-244c-42b6-bbb3-bd620387c58f_photo376807866_000837.txt,49b580ee-244c-42b6-bbb3-bd620387c58f,376807866,0.4200,5,https://static.inaturalist.org/photos/376807866/large.jpg,bbox
val,val/images/obsce68b51c-2df8-48cd-89d0-b2d25ad0ed2a_photo392337830_000805.jpg,val/labels/obsce68b51c-2df8-48cd-89d0-b2d25ad0ed2a_photo392337830_000805.txt,ce68b51c-2df8-48cd-89d0-b2d25ad0ed2a,392337830,0.9476,1,https://inaturalist-open-data.s3.amazonaws.com/photos/392337830/large.jpeg,bbox
val,val/images/obsa697cf15-9868-49d3-a81e-064e4514961f_photo369919224_000872.jpg,val/labels/obsa697cf15-9868-49d3-a81e-064e4514961f_photo369919224_000872.txt,a697cf15-9868-49d3-a81e-064e4514961f,369919224,0.8506,26,https://static.inaturalist.org/photos/369919224/large.jpg,bbox
val,val/images/obs699acaa3-cb1b-431d-b4cd-7d95417b48a3_photo601193422_000245.jpg,val/labels/obs699acaa3-cb1b-431d-b4cd-7d95417b48a3_photo601193422_000245.txt,699acaa3-cb1b-431d-b4cd-7d95417b48a3,601193422,0.9330,1,https://inaturalist-open-data.s3.amazonaws.com/photos/601193422/large.jpg,bbox
val,val/images/obsb8165c85-d91e-4a77-a653-13d48b0e231c_photo449431038_000701.jpg,val/labels/obsb8165c85-d91e-4a77-a653-13d48b0e231c_photo449431038_000701.txt,b8165c85-d91e-4a77-a653-13d48b0e231c,449431038,0.8658,4,https://static.inaturalist.org/photos/449431038/large.jpeg,bbox
val,val/images/obs02926217-c4be-427b-9443-63401ff60ced_photo272309905_000991.jpg,val/labels/obs02926217-c4be-427b-9443-63401ff60ced_photo272309905_000991.txt,02926217-c4be-427b-9443-63401ff60ced,272309905,0.7923,20,https://static.inaturalist.org/photos/272309905/large.jpeg,bbox
test,test/images/obs39a5d970-2bf7-4038-84e6-04b801fb64d0_photo415327524_000763.jpg,test/labels/obs39a5d970-2bf7-4038-84e6-04b801fb64d0_photo415327524_000763.txt,39a5d970-2bf7-4038-84e6-04b801fb64d0,415327524,0.3177,1,https://inaturalist-open-data.s3.amazonaws.com/photos/415327524/large.jpeg,bbox
test,test/images/obsea4b6b00-a21e-4e2a-919b-f01d41f258ef_photo486239202_000609.jpg,test/labels/obsea4b6b00-a21e-4e2a-919b-f01d41f258ef_photo486239202_000609.txt,ea4b6b00-a21e-4e2a-919b-f01d41f258ef,486239202,0.3816,2,https://static.inaturalist.org/photos/486239202/large.jpeg,bbox
test,test/images/obsb10168c8-e718-48f5-8c3a-0b352b702f4c_photo590759937_000294.jpg,test/labels/obsb10168c8-e718-48f5-8c3a-0b352b702f4c_photo590759937_000294.txt,b10168c8-e718-48f5-8c3a-0b352b702f4c,590759937,0.3992,6,https://inaturalist-open-data.s3.amazonaws.com/photos/590759937/large.jpg,bbox
test,test/images/obse2cae87f-05cc-4ad9-a5e1-d6b86c2b0b6d_photo592660278_000284.jpg,test/labels/obse2cae87f-05cc-4ad9-a5e1-d6b86c2b0b6d_photo592660278_000284.txt,e2cae87f-05cc-4ad9-a5e1-d6b86c2b0b6d,592660278,0.3411,1,https://inaturalist-open-data.s3.amazonaws.com/photos/592660278/large.jpg,bbox
test,test/images/obs5ee6aa48-db40-4ad8-954c-df6b03b4523f_photo636025596_000125.jpg,test/labels/obs5ee6aa48-db40-4ad8-954c-df6b03b4523f_photo636025596_000125.txt,5ee6aa48-db40-4ad8-954c-df6b03b4523f,636025596,0.9189,2,https://inaturalist-open-data.s3.amazonaws.com/photos/636025596/large.jpg,bbox
test,test/images/obs5ef07854-4943-40c5-88c0-3a3e6b918922_photo647636406_000057.jpg,test/labels/obs5ef07854-4943-40c5-88c0-3a3e6b918922_photo647636406_000057.txt,5ef07854-4943-40c5-88c0-3a3e6b918922,647636406,0.8888,6,https://inaturalist-open-data.s3.amazonaws.com/photos/647636406/large.jpg,bbox
test,test/images/obsc6fa7f0b-9f54-4cdc-9d7c-60300fb9f6e1_photo647477333_000059.jpg,test/labels/obsc6fa7f0b-9f54-4cdc-9d7c-60300fb9f6e1_photo647477333_000059.txt,c6fa7f0b-9f54-4cdc-9d7c-60300fb9f6e1,647477333,0.4301,1,https://static.inaturalist.org/photos/647477333/large.jpg,bbox
test,test/images/obsba146d4a-c4f4-46fe-bc6c-aaa4b9f4435d_photo492754159_000512.jpg,test/labels/obsba146d4a-c4f4-46fe-bc6c-aaa4b9f4435d_photo492754159_000512.txt,ba146d4a-c4f4-46fe-bc6c-aaa4b9f4435d,492754159,0.7689,3,https://inaturalist-open-data.s3.amazonaws.com/photos/492754159/large.jpg,bbox
test,test/images/obs0753c0d3-2c66-4760-ac88-f3da087c58bc_photo436804909_000749.jpg,test/labels/obs0753c0d3-2c66-4760-ac88-f3da087c58bc_photo436804909_000749.txt,0753c0d3-2c66-4760-ac88-f3da087c58bc,436804909,0.3294,1,https://inaturalist-open-data.s3.amazonaws.com/photos/436804909/large.jpeg,bbox
test,test/images/obs5ee6aa48-db40-4ad8-954c-df6b03b4523f_photo636025611_000124.jpg,test/labels/obs5ee6aa48-db40-4ad8-954c-df6b03b4523f_photo636025611_000124.txt,5ee6aa48-db40-4ad8-954c-df6b03b4523f,636025611,0.6768,6,https://inaturalist-open-data.s3.amazonaws.com/photos/636025611/large.jpg,bbox
test,test/images/obs3bad4848-c817-4e9a-86b9-e3460d7e1059_photo454446448_000686.jpg,test/labels/obs3bad4848-c817-4e9a-86b9-e3460d7e1059_photo454446448_000686.txt,3bad4848-c817-4e9a-86b9-e3460d7e1059,454446448,0.8401,4,https://static.inaturalist.org/photos/454446448/large.jpeg,bbox
test,test/images/obsb328b7b9-6a3f-460a-8ee5-43af0f8aca2d_photo272622099_000990.jpg,test/labels/obsb328b7b9-6a3f-460a-8ee5-43af0f8aca2d_photo272622099_000990.txt,b328b7b9-6a3f-460a-8ee5-43af0f8aca2d,272622099,0.2762,1,https://static.inaturalist.org/photos/272622099/large.jpeg,bbox
test,test/images/obs183c6f83-8f7e-4f42-bc73-0cb151396deb_photo384046047_000817.jpg,test/labels/obs183c6f83-8f7e-4f42-bc73-0cb151396deb_photo384046047_000817.txt,183c6f83-8f7e-4f42-bc73-0cb151396deb,384046047,0.4240,2,https://inaturalist-open-data.s3.amazonaws.com/photos/384046047/large.jpg,bbox
test,test/images/obs1ef9a386-2bbc-46a3-8142-5dda93aaa6e5_photo636024799_000128.jpg,test/labels/obs1ef9a386-2bbc-46a3-8142-5dda93aaa6e5_photo636024799_000128.txt,1ef9a386-2bbc-46a3-8142-5dda93aaa6e5,636024799,0.5451,1,https://inaturalist-open-data.s3.amazonaws.com/photos/636024799/large.jpg,bbox
test,test/images/obs0291020c-4ffc-41b6-8588-fbe7eab941c1_photo366398264_000880.jpg,test/labels/obs0291020c-4ffc-41b6-8588-fbe7eab941c1_photo366398264_000880.txt,0291020c-4ffc-41b6-8588-fbe7eab941c1,366398264,0.4067,1,https://static.inaturalist.org/photos/366398264/large.jpg,bbox
test,test/images/obs6b3938af-90c9-4059-8be0-d4d377b5fd5e_photo633980361_000139.jpg,test/labels/obs6b3938af-90c9-4059-8be0-d4d377b5fd5e_photo633980361_000139.txt,6b3938af-90c9-4059-8be0-d4d377b5fd5e,633980361,0.6611,7,https://inaturalist-open-data.s3.amazonaws.com/photos/633980361/large.jpg,bbox
test,test/images/obsdca56b6e-acba-4b62-a60e-6a66eee30d62_photo591184140_000290.jpg,test/labels/obsdca56b6e-acba-4b62-a60e-6a66eee30d62_photo591184140_000290.txt,dca56b6e-acba-4b62-a60e-6a66eee30d62,591184140,0.3937,1,https://static.inaturalist.org/photos/591184140/large.jpg,bbox
test,test/images/obs2f7a9591-56ea-4cfc-842b-28aeee24a685_photo584456304_000311.jpg,test/labels/obs2f7a9591-56ea-4cfc-842b-28aeee24a685_photo584456304_000311.txt,2f7a9591-56ea-4cfc-842b-28aeee24a685,584456304,0.4449,3,https://inaturalist-open-data.s3.amazonaws.com/photos/584456304/large.jpg,bbox
test,test/images/obsaf0e833b-1eb0-4d59-8be6-ae5a340b036f_photo564120481_000359.jpg,test/labels/obsaf0e833b-1eb0-4d59-8be6-ae5a340b036f_photo564120481_000359.txt,af0e833b-1eb0-4d59-8be6-ae5a340b036f,564120481,0.7430,21,https://static.inaturalist.org/photos/564120481/large.jpg,bbox
test,test/images/obscae8869c-8ae6-4bbc-a686-c3ee4f85ff13_photo356801211_000886.jpg,test/labels/obscae8869c-8ae6-4bbc-a686-c3ee4f85ff13_photo356801211_000886.txt,cae8869c-8ae6-4bbc-a686-c3ee4f85ff13,356801211,0.4095,3,https://static.inaturalist.org/photos/356801211/large.jpeg,bbox
test,test/images/obs01ffdbf3-a589-4f1e-a0ee-693431279170_photo652290479_000027.jpg,test/labels/obs01ffdbf3-a589-4f1e-a0ee-693431279170_photo652290479_000027.txt,01ffdbf3-a589-4f1e-a0ee-693431279170,652290479,0.5580,2,https://static.inaturalist.org/photos/652290479/large.jpg,bbox
test,test/images/obs1ef9a386-2bbc-46a3-8142-5dda93aaa6e5_photo636024339_000130.jpg,test/labels/obs1ef9a386-2bbc-46a3-8142-5dda93aaa6e5_photo636024339_000130.txt,1ef9a386-2bbc-46a3-8142-5dda93aaa6e5,636024339,0.8237,1,https://inaturalist-open-data.s3.amazonaws.com/photos/636024339/large.jpg,bbox
test,test/images/obsa6bd9910-1026-4a7a-a6b3-25b6b6bba0b8_photo395541715_000799.jpg,test/labels/obsa6bd9910-1026-4a7a-a6b3-25b6b6bba0b8_photo395541715_000799.txt,a6bd9910-1026-4a7a-a6b3-25b6b6bba0b8,395541715,0.6625,13,https://inaturalist-open-data.s3.amazonaws.com/photos/395541715/large.jpeg,bbox
